{
  "task": "figure8",
  "duration_sec": 5.0,
  "controller": "pid",
  "seed": 0,
  "trials": 25,
  "episodes_per_eval": 1,
  "best_params": {
    "kp_xy": 11.009971366520361,
    "kd_xy": 4.881838688452727,
    "ki_xy": 0.039573304019875175,
    "kp_z": 11.121633588648567,
    "kd_z": 7.20810992758466,
    "ki_z": 0.07056716475671469,
    "kp_att": 16.07059157359379,
    "kd_att": 1.495205558707511,
    "kp_yaw": 5.413604060293943,
    "kd_yaw": 0.47599321728931987,
    "att_scale": 0.21941400679968584
  },
  "metrics": {
    "mean_true_reward": -156.15587669610977,
    "std_true_reward": 24.73209685099784,
    "rmse_pos": 0.6763709647348151
  }
}