{
  "task": "circle",
  "controller": "pid",
  "duration_sec": 5.0,
  "trials": 20,
  "best_params": {
    "kp_xy": 4.0,
    "kd_xy": 3.2640217884302176,
    "ki_xy": 0.0,
    "kp_z": 18.01229285592531,
    "kd_z": 6.7212940419412135,
    "ki_z": 0.028016743230844396,
    "kp_att": 8.0,
    "kd_att": 1.5085540364607217,
    "kp_yaw": 2.863691593173856,
    "kd_yaw": 1.247732047759225,
    "att_scale": 0.22682370691426657
  },
  "metrics": {
    "mean_reward": -35540.51574707031,
    "std_reward": 5.755730633028837,
    "rmse_pos": 12.153005883097649,
    "std_rmse": 0.0009814948963395315
  }
}