{
  "task": "square",
  "duration_sec": 5.0,
  "controller": "pid",
  "seed": 0,
  "trials": 25,
  "episodes_per_eval": 1,
  "best_params": {
    "kp_xy": 8.826297871651231,
    "kd_xy": 5.751528486110953,
    "ki_xy": 0.0,
    "kp_z": 15.707585875629553,
    "kd_z": 4.49773527860992,
    "ki_z": 0.07942049976012491,
    "kp_att": 9.565534434469646,
    "kd_att": 1.3537103784945184,
    "kp_yaw": 4.470630365366852,
    "kd_yaw": 0.1473462628149913,
    "att_scale": 0.2782877269537324
  },
  "metrics": {
    "mean_true_reward": -81.99409395456314,
    "std_true_reward": 22.894628248253685,
    "rmse_pos": 0.437130667080055
  }
}